RSNID,D5-75,D5-95,Ia,Event,Year,StationName,Magnitude,Mechanism,Rjb(km),Rrup(km),Vs30(m/sec),LowestUseableFrequency(Hz),Horizontal-1Acc.Filename,Horizontal-2Acc.Filename,VerticalAcc.Filename
6879,18.2,34.1,0.3,"""Darfield_NewZealand""",2010,"""ADCS""",7,strikeslip,28.46,31.41,249.28,0.125,RSN6879_DARFIELD_ADCSN42W.AT2,RSN6879_DARFIELD_ADCSN48E.AT2,RSN6879_DARFIELD_ADCSUP.AT2
6881,13.8,35.9,0,"""Darfield_NewZealand""",2010,"""ARKS""",7,strikeslip,333.21,333.21,535.24,0.2875,RSN6881_DARFIELD_ARKSN12E.AT2,RSN6881_DARFIELD_ARKSS78E.AT2,RSN6881_DARFIELD_ARKSUP.AT2
6882,28.6,52.5,0,"""Darfield_NewZealand""",2010,"""ARPS""",7,strikeslip,124.96,124.96,586.28,0.025,RSN6882_DARFIELD_ARPSS10W.AT2,RSN6882_DARFIELD_ARPSS80E.AT2,RSN6882_DARFIELD_ARPSUP.AT2
6884,49.6,57.2,0,"""Darfield_NewZealand""",2010,"""BDCS""",7,strikeslip,331.2,332.05,477.35,0.2875,RSN6884_DARFIELD_BDCSN59E.AT2,RSN6884_DARFIELD_BDCSS31E.AT2,RSN6884_DARFIELD_BDCSUP.AT2
6885,64.4,76.8,0,"""Darfield_NewZealand""",2010,"""BFZ""",7,strikeslip,452.22,452.22,649.67,0.1125,RSN6885_DARFIELD_BFZE.AT2,RSN6885_DARFIELD_BFZN.AT2,RSN6885_DARFIELD_BFZUP.AT2
6886,15.1,35.1,0.9,"""Darfield_NewZealand""",2010,"""CanterburyAeroClub""",7,strikeslip,14.48,14.48,280.26,0.05,RSN6886_DARFIELD_CACSN40E.AT2,RSN6886_DARFIELD_CACSN50W.AT2,RSN6886_DARFIELD_CACSUP.AT2
6887,11,28.5,0.9,"""Darfield_NewZealand""",2010,"""ChristchurchBotanicalGardens""",7,strikeslip,18.05,18.05,187,0.05,RSN6887_DARFIELD_CBGSN89W.AT2,RSN6887_DARFIELD_CBGSS01W.AT2,RSN6887_DARFIELD_CBGSUP.AT2
6888,11.6,27.8,1.3,"""Darfield_NewZealand""",2010,"""ChristchurchCathedralCollege""",7,strikeslip,19.89,19.89,198,0.05,RSN6888_DARFIELD_CCCCN26W.AT2,RSN6888_DARFIELD_CCCCN64E.AT2,RSN6888_DARFIELD_CCCCUP.AT2
6889,12,26.6,1.2,"""Darfield_NewZealand""",2010,"""ChristchurchHospital""",7,strikeslip,18.4,18.4,194,0.0375,RSN6889_DARFIELD_CHHCN01W.AT2,RSN6889_DARFIELD_CHHCS89W.AT2,RSN6889_DARFIELD_CHHCUP.AT2
6890,9,20,1.1,"""Darfield_NewZealand""",2010,"""ChristchurchCashmereHighSchool""",7,strikeslip,17.64,17.64,204,0.075,RSN6890_DARFIELD_CMHSN10E.AT2,RSN6890_DARFIELD_CMHSS80E.AT2,RSN6890_DARFIELD_CMHSUP.AT2
6891,15.4,28.9,0.4,"""Darfield_NewZealand""",2010,"""CSHS""",7,strikeslip,43.6,43.6,638.39,0.0375,RSN6891_DARFIELD_CSHSN76W.AT2,RSN6891_DARFIELD_CSHSS14W.AT2,RSN6891_DARFIELD_CSHSUP.AT2
6892,73.2,80.6,0,"""Darfield_NewZealand""",2010,"""DCZ""",7,strikeslip,417.72,418.4,638.39,0.0375,RSN6892_DARFIELD_DCZE.AT2,RSN6892_DARFIELD_DCZN.AT2,RSN6892_DARFIELD_DCZUP.AT2
6893,15,21.3,2.8,"""Darfield_NewZealand""",2010,"""DFHS""",7,strikeslip,11.86,11.86,344.02,0.1625,RSN6893_DARFIELD_DFHSS17E.AT2,RSN6893_DARFIELD_DFHSS73W.AT2,RSN6893_DARFIELD_DFHSUP.AT2
6894,41.4,53.4,0,"""Darfield_NewZealand""",2010,"""DGNS""",7,strikeslip,265.51,266.57,500.35,0.25,RSN6894_DARFIELD_DGNSS18W.AT2,RSN6894_DARFIELD_DGNSS72E.AT2,RSN6894_DARFIELD_DGNSUP.AT2
6895,30.9,47.7,0.1,"""Darfield_NewZealand""",2010,"""DKHS""",7,strikeslip,270.2,271.24,343.27,0.0375,RSN6895_DARFIELD_DKHSN33W.AT2,RSN6895_DARFIELD_DKHSN57E.AT2,RSN6895_DARFIELD_DKHSUP.AT2
6896,15.9,27.9,0.2,"""Darfield_NewZealand""",2010,"""DORC""",7,strikeslip,29.96,32.91,280.26,0.125,RSN6896_DARFIELD_DORCN20W.AT2,RSN6896_DARFIELD_DORCN70E.AT2,RSN6896_DARFIELD_DORCUP.AT2
6897,13,19.6,2.1,"""Darfield_NewZealand""",2010,"""DSLC""",7,strikeslip,5.28,8.46,295.74,0.075,RSN6897_DARFIELD_DSLCN27W.AT2,RSN6897_DARFIELD_DSLCN63E.AT2,RSN6897_DARFIELD_DSLCUP.AT2
6898,27.3,46,0,"""Darfield_NewZealand""",2010,"""DSZ""",7,strikeslip,207.34,207.34,638.39,0.05,RSN6898_DARFIELD_DSZE.AT2,RSN6898_DARFIELD_DSZN.AT2,RSN6898_DARFIELD_DSZUP.AT2
6899,37.6,63.4,0,"""Darfield_NewZealand""",2010,"""EAZ""",7,strikeslip,262.75,263.82,638.39,0.05,RSN6899_DARFIELD_EAZE.AT2,RSN6899_DARFIELD_EAZN.AT2,RSN6899_DARFIELD_EAZUP.AT2
6900,17,23.3,0,"""Darfield_NewZealand""",2010,"""EBPS""",7,strikeslip,326.8,326.8,561.04,0.5,RSN6900_DARFIELD_EBPSS38W.AT2,RSN6900_DARFIELD_EBPSS52E.AT2,RSN6900_DARFIELD_EBPSUP.AT2
6901,14,29.7,0.3,"""Darfield_NewZealand""",2010,"""FDCS""",7,strikeslip,90.17,91.59,389.54,0.0375,RSN6901_DARFIELD_FDCSN09W.AT2,RSN6901_DARFIELD_FDCSS81W.AT2,RSN6901_DARFIELD_FDCSUP.AT2
6902,26.6,40.2,0,"""Darfield_NewZealand""",2010,"""FGPS""",7,strikeslip,141.18,141.18,476.62,0.05,RSN6902_DARFIELD_FGPSN02E.AT2,RSN6902_DARFIELD_FGPSN88W.AT2,RSN6902_DARFIELD_FGPSUP.AT2
6903,24.4,40.4,0,"""Darfield_NewZealand""",2010,"""FJDS""",7,strikeslip,129.46,129.46,476.62,0.025,RSN6903_DARFIELD_FJDSN83E.AT2,RSN6903_DARFIELD_FJDSS07E.AT2,RSN6903_DARFIELD_FJDSUP.AT2
6904,35.4,52.6,0,"""Darfield_NewZealand""",2010,"""FKPS""",7,strikeslip,320.76,320.76,485.04,0.25,RSN6904_DARFIELD_FKPSN08W.AT2,RSN6904_DARFIELD_FKPSS82W.AT2,RSN6904_DARFIELD_FKPSUP.AT2
6905,23.7,45.2,0,"""Darfield_NewZealand""",2010,"""FOZ""",7,strikeslip,166.81,166.81,579.4,0.0375,RSN6905_DARFIELD_FOZE.AT2,RSN6905_DARFIELD_FOZN.AT2,RSN6905_DARFIELD_FOZUP.AT2
6906,5.6,16,4.7,"""Darfield_NewZealand""",2010,"""GDLC""",7,strikeslip,1.22,1.22,344.02,0.0625,RSN6906_DARFIELD_GDLCN55W.AT2,RSN6906_DARFIELD_GDLCS35W.AT2,RSN6906_DARFIELD_GDLCUP.AT2
6907,19.6,30.2,0,"""Darfield_NewZealand""",2010,"""GMTS""",7,strikeslip,137.41,137.41,485.04,0.0375,RSN6907_DARFIELD_GMTSN18E.AT2,RSN6907_DARFIELD_GMTSN72W.AT2,RSN6907_DARFIELD_GMTSUP.AT2
6908,17.4,43.4,0,"""Darfield_NewZealand""",2010,"""HAFS""",7,strikeslip,110.23,110.23,476.62,0.0375,RSN6908_DARFIELD_HAFSN77W.AT2,RSN6908_DARFIELD_HAFSS13W.AT2,RSN6908_DARFIELD_HAFSUP.AT2
6909,35.8,55.3,0,"""Darfield_NewZealand""",2010,"""HDWS""",7,strikeslip,219.88,220.07,299.42,0.0625,RSN6909_DARFIELD_HDWSN17W.AT2,RSN6909_DARFIELD_HDWSS73W.AT2,RSN6909_DARFIELD_HDWSUP.AT2
6910,20.9,40.6,0,"""Darfield_NewZealand""",2010,"""HMCS""",7,strikeslip,119.11,119.11,289.69,0.0625,RSN6910_DARFIELD_HMCSN37E.AT2,RSN6910_DARFIELD_HMCSN53W.AT2,RSN6910_DARFIELD_HMCSUP.AT2
6911,7,9.5,3.2,"""Darfield_NewZealand""",2010,"""HORC""",7,strikeslip,7.29,7.29,326.01,0.125,RSN6911_DARFIELD_HORCN18E.AT2,RSN6911_DARFIELD_HORCS72E.AT2,RSN6911_DARFIELD_HORCUP.AT2
6912,11.6,25.8,0.6,"""Darfield_NewZealand""",2010,"""HulverstoneDrivePumpingStation""",7,strikeslip,25.4,25.4,206,0.4125,RSN6912_DARFIELD_HPSCN04W.AT2,RSN6912_DARFIELD_HPSCS86W.AT2,RSN6912_DARFIELD_HPSCUP.AT2
6913,16.9,31.3,0.1,"""Darfield_NewZealand""",2010,"""HSES""",7,strikeslip,122.25,122.25,644.76,0.0625,RSN6913_DARFIELD_HSESN10E.AT2,RSN6913_DARFIELD_HSESN80W.AT2,RSN6913_DARFIELD_HSESUP.AT2
6914,49.4,73.4,0,"""Darfield_NewZealand""",2010,"""HUKS""",7,strikeslip,513.11,513.11,384.86,0.25,RSN6914_DARFIELD_HUKSN34E.AT2,RSN6914_DARFIELD_HUKSS56E.AT2,RSN6914_DARFIELD_HUKSUP.AT2
6915,8.5,15.7,4.1,"""Darfield_NewZealand""",2010,"""HeathcoteValleyPrimarySchool""",7,strikeslip,24.36,24.47,422,0.075,RSN6915_DARFIELD_HVSCS26W.AT2,RSN6915_DARFIELD_HVSCS64E.AT2,RSN6915_DARFIELD_HVSCUP.AT2
6916,76.4,95,0,"""Darfield_NewZealand""",2010,"""HWHS""",7,strikeslip,470.68,470.68,309.78,0.0625,RSN6916_DARFIELD_HWHSN19E.AT2,RSN6916_DARFIELD_HWHSS71E.AT2,RSN6916_DARFIELD_HWHSUP.AT2
6917,85.7,105.7,0,"""Darfield_NewZealand""",2010,"""ICCS""",7,strikeslip,408.32,409.02,338.67,0.0375,RSN6917_DARFIELD_ICCSN55E.AT2,RSN6917_DARFIELD_ICCSS35E.AT2,RSN6917_DARFIELD_ICCSUP.AT2
6919,16.9,44.4,0,"""Darfield_NewZealand""",2010,"""INSS""",7,strikeslip,332.79,332.79,649.67,0.2875,RSN6919_DARFIELD_INSSN13W.AT2,RSN6919_DARFIELD_INSSS77W.AT2,RSN6919_DARFIELD_INSSUP.AT2
6920,43.2,50.6,0,"""Darfield_NewZealand""",2010,"""KHZ""",7,strikeslip,158.77,158.77,369.09,0.075,RSN6920_DARFIELD_KHZE.AT2,RSN6920_DARFIELD_KHZN.AT2,RSN6920_DARFIELD_KHZUP.AT2
6921,43.5,78.7,0,"""Darfield_NewZealand""",2010,"""KIKS""",7,strikeslip,164.93,164.93,369.09,0.0375,RSN6921_DARFIELD_KIKSN65E.AT2,RSN6921_DARFIELD_KIKSS25E.AT2,RSN6921_DARFIELD_KIKSUP.AT2
6922,20.2,35.4,0.1,"""Darfield_NewZealand""",2010,"""KOKS""",7,strikeslip,95.18,95.18,511.16,0.0625,RSN6922_DARFIELD_KOKSN26E.AT2,RSN6922_DARFIELD_KOKSS64E.AT2,RSN6922_DARFIELD_KOKSUP.AT2
6923,10.3,20.1,1.6,"""Darfield_NewZealand""",2010,"""KaiapoiNorthSchool""",7,strikeslip,30.53,30.53,255,0.2,RSN6923_DARFIELD_KPOCN15E.AT2,RSN6923_DARFIELD_KPOCS75E.AT2,RSN6923_DARFIELD_KPOCUP.AT2
6924,23,43,0,"""Darfield_NewZealand""",2010,"""LBZ""",7,strikeslip,150.54,151.79,638.39,0.0375,RSN6924_DARFIELD_LBZE.AT2,RSN6924_DARFIELD_LBZN.AT2,RSN6924_DARFIELD_LBZUP.AT2
6925,37.7,69.7,0,"""Darfield_NewZealand""",2010,"""LHES""",7,strikeslip,333.84,333.84,389.54,0.0375,RSN6925_DARFIELD_LHESN72W.AT2,RSN6925_DARFIELD_LHESS18W.AT2,RSN6925_DARFIELD_LHESUP.AT2
6926,38.6,51,0,"""Darfield_NewZealand""",2010,"""LHUS""",7,strikeslip,331.62,331.62,299.64,0.25,RSN6926_DARFIELD_LHUSS21W.AT2,RSN6926_DARFIELD_LHUSS69E.AT2,RSN6926_DARFIELD_LHUSUP.AT2
6927,8.3,12.7,2.7,"""Darfield_NewZealand""",2010,"""LINC""",7,strikeslip,5.07,7.11,263.2,0.075,RSN6927_DARFIELD_LINCN23E.AT2,RSN6927_DARFIELD_LINCN67W.AT2,RSN6927_DARFIELD_LINCUP.AT2
6928,7.6,12.9,0.7,"""Darfield_NewZealand""",2010,"""LPCC""",7,strikeslip,25.21,25.67,649.67,0.125,RSN6928_DARFIELD_LPCCN80E.AT2,RSN6928_DARFIELD_LPCCS10E.AT2,RSN6928_DARFIELD_LPCCUP.AT2
6929,22.5,39.1,0,"""Darfield_NewZealand""",2010,"""LPLS""",7,strikeslip,188.19,188.19,485.04,0.0375,RSN6929_DARFIELD_LPLSS21E.AT2,RSN6929_DARFIELD_LPLSS69W.AT2,RSN6929_DARFIELD_LPLSUP.AT2
6930,13.8,23.8,0.2,"""Darfield_NewZealand""",2010,"""LRSC""",7,strikeslip,9.38,12.52,295.74,0.375,RSN6930_DARFIELD_LRSCN49W.AT2,RSN6930_DARFIELD_LRSCS41W.AT2,RSN6930_DARFIELD_LRSCUP.AT2
6931,15.9,28.8,0,"""Darfield_NewZealand""",2010,"""LTZ""",7,strikeslip,89.18,89.18,638.39,0.0375,RSN6931_DARFIELD_LTZE.AT2,RSN6931_DARFIELD_LTZN.AT2,RSN6931_DARFIELD_LTZUP.AT2
6932,65.4,88,0,"""Darfield_NewZealand""",2010,"""MAVS""",7,strikeslip,363.92,363.92,356.39,0.2875,RSN6932_DARFIELD_MAVSS39E.AT2,RSN6932_DARFIELD_MAVSS51W.AT2,RSN6932_DARFIELD_MAVSUP.AT2
6933,15.1,25.5,0.1,"""Darfield_NewZealand""",2010,"""MAYC""",7,strikeslip,33.54,35.23,342.7,0.175,RSN6933_DARFIELD_MAYCN14E.AT2,RSN6933_DARFIELD_MAYCN76W.AT2,RSN6933_DARFIELD_MAYCUP.AT2
6934,22.1,34,0,"""Darfield_NewZealand""",2010,"""MCNS""",7,strikeslip,134.16,134.21,644.76,0.025,RSN6934_DARFIELD_MCNSN34W.AT2,RSN6934_DARFIELD_MCNSN56E.AT2,RSN6934_DARFIELD_MCNSUP.AT2
6935,32.2,46,0,"""Darfield_NewZealand""",2010,"""MECS""",7,strikeslip,212.69,213.37,551.3,0.0375,RSN6935_DARFIELD_MECSN23E.AT2,RSN6935_DARFIELD_MECSN67W.AT2,RSN6935_DARFIELD_MECSUP.AT2
6936,43.5,77.1,0,"""Darfield_NewZealand""",2010,"""MISS""",7,strikeslip,320.37,320.37,356.39,0.0375,RSN6936_DARFIELD_MISSN24E.AT2,RSN6936_DARFIELD_MISSN66W.AT2,RSN6936_DARFIELD_MISSUP.AT2
6937,28.4,47.6,0,"""Darfield_NewZealand""",2010,"""MOLS""",7,strikeslip,179.69,179.69,561.04,0.0625,RSN6937_DARFIELD_MOLSS16E.AT2,RSN6937_DARFIELD_MOLSS74W.AT2,RSN6937_DARFIELD_MOLSUP.AT2
6938,29,52.5,0,"""Darfield_NewZealand""",2010,"""MOSS""",7,strikeslip,358.26,359.05,336.98,0.05,RSN6938_DARFIELD_MOSSN26E.AT2,RSN6938_DARFIELD_MOSSN64W.AT2,RSN6938_DARFIELD_MOSSUP.AT2
6939,29.1,41.2,0,"""Darfield_NewZealand""",2010,"""MOTS""",7,strikeslip,277.38,277.38,299.64,0.075,RSN6939_DARFIELD_MOTSN05E.AT2,RSN6939_DARFIELD_MOTSS85E.AT2,RSN6939_DARFIELD_MOTSUP.AT2
6940,50.8,73.7,0,"""Darfield_NewZealand""",2010,"""MSZ""",7,strikeslip,326.69,327.39,649.67,0.025,RSN6940_DARFIELD_MSZE.AT2,RSN6940_DARFIELD_MSZN.AT2,RSN6940_DARFIELD_MSZUP.AT2
6941,28.4,46.3,0,"""Darfield_NewZealand""",2010,"""NNBSNorthNewBrightonSchool""",7,strikeslip,266.57,266.57,211,0.125,RSN6941_DARFIELD_NCBSN43E.AT2,RSN6941_DARFIELD_NCBSS47E.AT2,RSN6941_DARFIELD_NCBSUP.AT2
6942,11.3,29.3,0.8,"""Darfield_NewZealand""",2010,"""NNBSNorthNewBrightonSchool""",7,strikeslip,26.76,26.76,211,0.05,RSN6942_DARFIELD_NNBSS13E.AT2,RSN6942_DARFIELD_NNBSS77W.AT2,RSN6942_DARFIELD_NNBSUP.AT2
6943,50,74.8,0,"""Darfield_NewZealand""",2010,"""NNZ""",7,strikeslip,274.47,274.47,649.67,0.05,RSN6943_DARFIELD_NNZE.AT2,RSN6943_DARFIELD_NNZN.AT2,RSN6943_DARFIELD_NNZUP.AT2
6944,42,58.4,0,"""Darfield_NewZealand""",2010,"""NSBS""",7,strikeslip,251.95,252.25,399.61,0.0375,RSN6944_DARFIELD_NSBSN13E.AT2,RSN6944_DARFIELD_NSBSN77W.AT2,RSN6944_DARFIELD_NSBSUP.AT2
6945,24.6,38.7,0,"""Darfield_NewZealand""",2010,"""OAMS""",7,strikeslip,173.49,175.1,437.72,0.05,RSN6945_DARFIELD_OAMSS18W.AT2,RSN6945_DARFIELD_OAMSS72E.AT2,RSN6945_DARFIELD_OAMSUP.AT2
6946,29.4,41.6,0,"""Darfield_NewZealand""",2010,"""ODZ""",7,strikeslip,179.01,180.55,638.39,0.0375,RSN6946_DARFIELD_ODZE.AT2,RSN6946_DARFIELD_ODZN.AT2,RSN6946_DARFIELD_ODZUP.AT2
6947,27.3,50.8,0,"""Darfield_NewZealand""",2010,"""OPZ""",7,strikeslip,265.39,266.45,543.03,0.0375,RSN6947_DARFIELD_OPZE.AT2,RSN6947_DARFIELD_OPZN.AT2,RSN6947_DARFIELD_OPZUP.AT2
6948,17.8,23,0.5,"""Darfield_NewZealand""",2010,"""OXZ""",7,strikeslip,30.63,30.63,481.62,0.1,RSN6948_DARFIELD_OXZE.AT2,RSN6948_DARFIELD_OXZN.AT2,RSN6948_DARFIELD_OXZUP.AT2
6949,14.2,20.9,0.3,"""Darfield_NewZealand""",2010,"""PEEC""",7,strikeslip,52.13,53.75,551.3,0.175,RSN6949_DARFIELD_PEECN11W.AT2,RSN6949_DARFIELD_PEECS79W.AT2,RSN6949_DARFIELD_PEECUP.AT2
6950,50.9,75,0,"""Darfield_NewZealand""",2010,"""PGMS""",7,strikeslip,331.47,331.47,306.37,0.0375,RSN6950_DARFIELD_PGMSS25W.AT2,RSN6950_DARFIELD_PGMSS65E.AT2,RSN6950_DARFIELD_PGMSUP.AT2
6951,17.1,27,0,"""Darfield_NewZealand""",2010,"""POLS""",7,strikeslip,337.83,337.83,375.21,0.25,RSN6951_DARFIELD_POLSS22W.AT2,RSN6951_DARFIELD_POLSS68E.AT2,RSN6951_DARFIELD_POLSUP.AT2
6952,12.5,37,1.3,"""Darfield_NewZealand""",2010,"""PapanuiHighSchool""",7,strikeslip,18.73,18.73,263.2,0.0625,RSN6952_DARFIELD_PPHSS33W.AT2,RSN6952_DARFIELD_PPHSS57E.AT2,RSN6952_DARFIELD_PPHSUP.AT2
6953,11.2,22,1.3,"""Darfield_NewZealand""",2010,"""PagesRoadPumpingStation""",7,strikeslip,24.55,24.55,206,0.0875,RSN6953_DARFIELD_PRPCW.AT2,RSN6953_DARFIELD_PRPCS.AT2,RSN6953_DARFIELD_PRPCUP.AT2
6954,65.5,70.6,0,"""Darfield_NewZealand""",2010,"""PXZ""",7,strikeslip,540.93,540.93,579.4,0.05,RSN6954_DARFIELD_PXZE.AT2,RSN6954_DARFIELD_PXZN.AT2,RSN6954_DARFIELD_PXZUP.AT2
6955,55,73.5,0,"""Darfield_NewZealand""",2010,"""PYZ""",7,strikeslip,488.92,489.5,544.31,0.0625,RSN6955_DARFIELD_PYZE.AT2,RSN6955_DARFIELD_PYZN.AT2,RSN6955_DARFIELD_PYZUP.AT2
6956,31.3,45.3,0,"""Darfield_NewZealand""",2010,"""QCCS""",7,strikeslip,288.13,288.13,520.19,0.0625,RSN6956_DARFIELD_QCCSN52W.AT2,RSN6956_DARFIELD_QCCSS38W.AT2,RSN6956_DARFIELD_QCCSUP.AT2
6957,47.4,69.4,0,"""Darfield_NewZealand""",2010,"""QRZ""",7,strikeslip,306.33,306.33,638.39,0.175,RSN6957_DARFIELD_QRZE.AT2,RSN6957_DARFIELD_QRZN.AT2,RSN6957_DARFIELD_QRZUP.AT2
6958,22.5,37,0,"""Darfield_NewZealand""",2010,"""RDCS""",7,strikeslip,165.39,165.39,628.04,0.0625,RSN6958_DARFIELD_RDCSS.AT2,RSN6958_DARFIELD_RDCSW.AT2,RSN6958_DARFIELD_RDCSUP.AT2
6959,11.9,30.5,1.8,"""Darfield_NewZealand""",2010,"""ChristchurchResthaven""",7,strikeslip,19.48,19.48,141,0.0625,RSN6959_DARFIELD_REHSN02E.AT2,RSN6959_DARFIELD_REHSS88E.AT2,RSN6959_DARFIELD_REHSUP.AT2
6960,10.1,24.6,1.2,"""Darfield_NewZealand""",2010,"""RiccartonHighSchool""",7,strikeslip,13.64,13.64,293,0.05,RSN6960_DARFIELD_RHSCN86W.AT2,RSN6960_DARFIELD_RHSCS04W.AT2,RSN6960_DARFIELD_RHSCUP.AT2
6961,13.2,20.3,0.5,"""Darfield_NewZealand""",2010,"""RKAC""",7,strikeslip,13.37,16.47,295.74,0.15,RSN6961_DARFIELD_RKACN14E.AT2,RSN6961_DARFIELD_RKACS76E.AT2,RSN6961_DARFIELD_RKACUP.AT2
6962,7.1,11.4,1.6,"""Darfield_NewZealand""",2010,"""ROLC""",7,strikeslip,0,1.54,295.74,0.1625,RSN6962_DARFIELD_ROLCS29E.AT2,RSN6962_DARFIELD_ROLCS61W.AT2,RSN6962_DARFIELD_ROLCUP.AT2
6963,11.6,24.2,0.1,"""Darfield_NewZealand""",2010,"""RPZ""",7,strikeslip,57.37,57.65,638.39,0.0375,RSN6963_DARFIELD_RPZE.AT2,RSN6963_DARFIELD_RPZN.AT2,RSN6963_DARFIELD_RPZUP.AT2
6964,30.3,43.5,0,"""Darfield_NewZealand""",2010,"""RQGS""",7,strikeslip,320.11,320.11,336.98,0.25,RSN6964_DARFIELD_RQGSS25W.AT2,RSN6964_DARFIELD_RQGSS65E.AT2,RSN6964_DARFIELD_RQGSUP.AT2
6965,13.8,20.3,0.7,"""Darfield_NewZealand""",2010,"""SBRC""",7,strikeslip,21.31,24.34,263.2,0.0875,RSN6965_DARFIELD_SBRCS31E.AT2,RSN6965_DARFIELD_SBRCS59W.AT2,RSN6965_DARFIELD_SBRCUP.AT2
6966,11.7,26.4,1,"""Darfield_NewZealand""",2010,"""ShirleyLibrary""",7,strikeslip,22.33,22.33,207,0.05,RSN6966_DARFIELD_SHLCS40W.AT2,RSN6966_DARFIELD_SHLCS50E.AT2,RSN6966_DARFIELD_SHLCUP.AT2
6967,19.3,30.9,0,"""Darfield_NewZealand""",2010,"""SJFS""",7,strikeslip,139.42,139.42,455.93,0.0375,RSN6967_DARFIELD_SJFSN18W.AT2,RSN6967_DARFIELD_SJFSS72W.AT2,RSN6967_DARFIELD_SJFSUP.AT2
6968,33.3,56.3,0.1,"""Darfield_NewZealand""",2010,"""SKFS""",7,strikeslip,269.34,270.39,263.18,0.0375,RSN6968_DARFIELD_SKFSS02E.AT2,RSN6968_DARFIELD_SKFSS88W.AT2,RSN6968_DARFIELD_SKFSUP.AT2
6969,14.2,38.2,0.9,"""Darfield_NewZealand""",2010,"""StyxMillTransferStation""",7,strikeslip,20.86,20.86,247.5,0.05,RSN6969_DARFIELD_SMTCN88W.AT2,RSN6969_DARFIELD_SMTCS02W.AT2,RSN6969_DARFIELD_SMTCUP.AT2
6970,35.6,66.1,0,"""Darfield_NewZealand""",2010,"""SOCS""",7,strikeslip,335.11,335.11,432.58,0.0375,RSN6970_DARFIELD_SOCSN82E.AT2,RSN6970_DARFIELD_SOCSS08E.AT2,RSN6970_DARFIELD_SOCSUP.AT2
6971,16.1,22.7,1,"""Darfield_NewZealand""",2010,"""SPFS""",7,strikeslip,29.86,29.86,389.54,0.0375,RSN6971_DARFIELD_SPFSN17E.AT2,RSN6971_DARFIELD_SPFSN73W.AT2,RSN6971_DARFIELD_SPFSUP.AT2
6972,35.6,53.2,0,"""Darfield_NewZealand""",2010,"""SYZ""",7,strikeslip,381.9,382.64,649.67,0.0375,RSN6972_DARFIELD_SYZE.AT2,RSN6972_DARFIELD_SYZN.AT2,RSN6972_DARFIELD_SYZUP.AT2
6973,49.8,81.9,0,"""Darfield_NewZealand""",2010,"""TEPS""",7,strikeslip,320.5,320.5,399.61,0.05,RSN6973_DARFIELD_TEPSN12E.AT2,RSN6973_DARFIELD_TEPSS78E.AT2,RSN6973_DARFIELD_TEPSUP.AT2
6974,40.4,56.2,0,"""Darfield_NewZealand""",2010,"""TMBS""",7,strikeslip,296.77,297.72,358.58,0.175,RSN6974_DARFIELD_TMBSN09E.AT2,RSN6974_DARFIELD_TMBSN81W.AT2,RSN6974_DARFIELD_TMBSUP.AT2
6975,13.9,24.5,1.5,"""Darfield_NewZealand""",2010,"""TPLC""",7,strikeslip,6.11,6.11,249.28,0.0625,RSN6975_DARFIELD_TPLCN27W.AT2,RSN6975_DARFIELD_TPLCS63W.AT2,RSN6975_DARFIELD_TPLCUP.AT2
6976,21,61.7,0.2,"""Darfield_NewZealand""",2010,"""TRCS""",7,strikeslip,93.7,95.85,424.9,0.05,RSN6976_DARFIELD_TRCSN07E.AT2,RSN6976_DARFIELD_TRCSS83E.AT2,RSN6976_DARFIELD_TRCSUP.AT2
6977,42.3,57.2,0,"""Darfield_NewZealand""",2010,"""TSFS""",7,strikeslip,305.45,305.45,388.01,0.0375,RSN6977_DARFIELD_TSFSS41E.AT2,RSN6977_DARFIELD_TSFSS49W.AT2,RSN6977_DARFIELD_TSFSUP.AT2
6978,31.9,50.3,0,"""Darfield_NewZealand""",2010,"""TUZ""",7,strikeslip,306.88,307.8,638.39,0.0375,RSN6978_DARFIELD_TUZE.AT2,RSN6978_DARFIELD_TUZN.AT2,RSN6978_DARFIELD_TUZUP.AT2
6979,21.5,39.9,0,"""Darfield_NewZealand""",2010,"""TWAS""",7,strikeslip,149.35,150.42,336.98,0.0375,RSN6979_DARFIELD_TWASN23E.AT2,RSN6979_DARFIELD_TWASN67W.AT2,RSN6979_DARFIELD_TWASUP.AT2
6980,15.1,23.2,0.7,"""Darfield_NewZealand""",2010,"""WAKC""",7,strikeslip,72.5,72.5,484.49,0.0375,RSN6980_DARFIELD_WAKCN80E.AT2,RSN6980_DARFIELD_WAKCS10E.AT2,RSN6980_DARFIELD_WAKCUP.AT2
6981,32.9,51,0,"""Darfield_NewZealand""",2010,"""WBCS""",7,strikeslip,207.55,207.55,275.56,0.05,RSN6981_DARFIELD_WBCSN08W.AT2,RSN6981_DARFIELD_WBCSN82E.AT2,RSN6981_DARFIELD_WBCSUP.AT2
6982,32.1,57.5,0,"""Darfield_NewZealand""",2010,"""WDFS""",7,strikeslip,240.81,240.81,450.58,0.2875,RSN6982_DARFIELD_WDFSN75E.AT2,RSN6982_DARFIELD_WDFSS15E.AT2,RSN6982_DARFIELD_WDFSUP.AT2
8056,5.8,14.3,0,"""Christchurch_NewZealand""",2011,"""ADCS""",6.2,ReverseOblique,84.14,84.14,249.28,0.0625,RSN8056_CCHURCH_ADCSN42W.AT2,RSN8056_CCHURCH_ADCSN48E.AT2,RSN8056_CCHURCH_ADCSUP.AT2
8057,15.7,43.6,0,"""Christchurch_NewZealand""",2011,"""AMBC""",6.2,ReverseOblique,41.08,41.08,336.98,0.05,RSN8057_CCHURCH_AMBCN86E.AT2,RSN8057_CCHURCH_AMBCS04E.AT2,RSN8057_CCHURCH_AMBCUP.AT2
8058,15.4,22.3,0,"""Christchurch_NewZealand""",2011,"""APPS""",6.2,ReverseOblique,112.49,112.49,494.96,0.05,RSN8058_CCHURCH_APPSN09W.AT2,RSN8058_CCHURCH_APPSS81W.AT2,RSN8058_CCHURCH_APPSUP.AT2
8059,22.7,27.7,0,"""Christchurch_NewZealand""",2011,"""ARKS""",6.2,ReverseOblique,311.33,311.33,535.24,0.1875,RSN8059_CCHURCH_ARKSN12E.AT2,RSN8059_CCHURCH_ARKSS78E.AT2,RSN8059_CCHURCH_ARKSUP.AT2
8060,5.7,15.8,0.1,"""Christchurch_NewZealand""",2011,"""ASHS""",6.2,ReverseOblique,30.46,30.46,295.74,0.075,RSN8060_CCHURCH_ASHSN85W.AT2,RSN8060_CCHURCH_ASHSS05W.AT2,RSN8060_CCHURCH_ASHSUP.AT2
8061,12.6,15.1,0,"""Christchurch_NewZealand""",2011,"""BDCS""",6.2,ReverseOblique,378.25,378.37,477.35,0.25,RSN8061_CCHURCH_BDCSN59E.AT2,RSN8061_CCHURCH_BDCSS31E.AT2,RSN8061_CCHURCH_BDCSUP.AT2
8062,4.1,12.6,0.5,"""Christchurch_NewZealand""",2011,"""CanterburyAeroClub""",6.2,ReverseOblique,14.41,14.41,280.26,0.0625,RSN8062_CCHURCH_CACSN40E.AT2,RSN8062_CCHURCH_CACSN50W.AT2,RSN8062_CCHURCH_CACSUP.AT2
8063,4.8,11.4,2.7,"""Christchurch_NewZealand""",2011,"""ChristchurchBotanicalGardens""",6.2,ReverseOblique,5.52,5.55,187,0.075,RSN8063_CCHURCH_CBGSN89W.AT2,RSN8063_CCHURCH_CBGSS01W.AT2,RSN8063_CCHURCH_CBGSUP.AT2
8064,4.3,11.2,2.7,"""Christchurch_NewZealand""",2011,"""ChristchurchCathedralCollege""",6.2,ReverseOblique,3.22,3.26,198,0.05,RSN8064_CCHURCH_CCCCN26W.AT2,RSN8064_CCHURCH_CCCCN64E.AT2,RSN8064_CCHURCH_CCCCUP.AT2
8065,19.9,38.5,0,"""Christchurch_NewZealand""",2011,"""CECS""",6.2,ReverseOblique,89.68,89.69,412.23,0.05,RSN8065_CCHURCH_CECSN06E.AT2,RSN8065_CCHURCH_CECSS84E.AT2,RSN8065_CCHURCH_CECSUP.AT2
8066,5.2,10.6,2.4,"""Christchurch_NewZealand""",2011,"""ChristchurchHospital""",6.2,ReverseOblique,4.82,4.85,194,0.0625,RSN8066_CCHURCH_CHHCN01W.AT2,RSN8066_CCHURCH_CHHCS89W.AT2,RSN8066_CCHURCH_CHHCUP.AT2
8067,3.3,5.1,1.6,"""Christchurch_NewZealand""",2011,"""ChristchurchCashmereHighSchool""",6.2,ReverseOblique,4.44,4.46,204,0.1,RSN8067_CCHURCH_CMHSN10E.AT2,RSN8067_CCHURCH_CMHSS80E.AT2,RSN8067_CCHURCH_CMHSUP.AT2
8068,11.3,20,0,"""Christchurch_NewZealand""",2011,"""CSHS""",6.2,ReverseOblique,85.42,85.42,638.39,0.05,RSN8068_CCHURCH_CSHSN76W.AT2,RSN8068_CCHURCH_CSHSS14W.AT2,RSN8068_CCHURCH_CSHSUP.AT2
8069,6.4,12.9,0.1,"""Christchurch_NewZealand""",2011,"""CSTC""",6.2,ReverseOblique,36.18,36.18,332.73,0.075,RSN8069_CCHURCH_CSTCS02E.AT2,RSN8069_CCHURCH_CSTCS88W.AT2,RSN8069_CCHURCH_CSTCUP.AT2
8070,16.1,23.7,0,"""Christchurch_NewZealand""",2011,"""DCDS""",6.2,ReverseOblique,308.36,308.52,500.35,0.125,RSN8070_CCHURCH_DCDSN67E.AT2,RSN8070_CCHURCH_DCDSS23E.AT2,RSN8070_CCHURCH_DCDSUP.AT2
8071,6.6,13.8,0,"""Christchurch_NewZealand""",2011,"""DFHS""",6.2,ReverseOblique,47.02,47.02,344.02,0.05,RSN8071_CCHURCH_DFHSS17E.AT2,RSN8071_CCHURCH_DFHSS73W.AT2,RSN8071_CCHURCH_DFHSUP.AT2
8072,14,19.6,0,"""Christchurch_NewZealand""",2011,"""DGNS""",6.2,ReverseOblique,306.78,306.93,500.35,0.125,RSN8072_CCHURCH_DGNSS18W.AT2,RSN8072_CCHURCH_DGNSS72E.AT2,RSN8072_CCHURCH_DGNSUP.AT2
8073,24.6,37.8,0,"""Christchurch_NewZealand""",2011,"""DKHS""",6.2,ReverseOblique,311.32,311.47,343.27,0.0375,RSN8073_CCHURCH_DKHSN33W.AT2,RSN8073_CCHURCH_DKHSN57E.AT2,RSN8073_CCHURCH_DKHSUP.AT2
8074,6.2,15.6,0,"""Christchurch_NewZealand""",2011,"""DORC""",6.2,ReverseOblique,59.91,60.28,280.26,0.1,RSN8074_CCHURCH_DORCN20W.AT2,RSN8074_CCHURCH_DORCN70E.AT2,RSN8074_CCHURCH_DORCUP.AT2
8075,7.6,14.2,0.1,"""Christchurch_NewZealand""",2011,"""DSLC""",6.2,ReverseOblique,40.59,40.59,295.74,0.15,RSN8075_CCHURCH_DSLCN27W.AT2,RSN8075_CCHURCH_DSLCN63E.AT2,RSN8075_CCHURCH_DSLCUP.AT2
8076,30.4,44.9,0,"""Christchurch_NewZealand""",2011,"""DSZ""",6.2,ReverseOblique,212.56,212.56,638.39,0.075,RSN8076_CCHURCH_DSZE.AT2,RSN8076_CCHURCH_DSZN.AT2,RSN8076_CCHURCH_DSZUP.AT2
8077,23.9,37.1,0,"""Christchurch_NewZealand""",2011,"""DUNS""",6.2,ReverseOblique,312.58,312.73,649.67,0.05,RSN8077_CCHURCH_DUNSS26W.AT2,RSN8077_CCHURCH_DUNSS64E.AT2,RSN8077_CCHURCH_DUNSUP.AT2
8078,29.6,51.8,0,"""Christchurch_NewZealand""",2011,"""EAZ""",6.2,ReverseOblique,326.09,326.23,638.39,0.0375,RSN8078_CCHURCH_EAZE.AT2,RSN8078_CCHURCH_EAZN.AT2,RSN8078_CCHURCH_EAZUP.AT2
8079,23.4,44.2,0,"""Christchurch_NewZealand""",2011,"""FDCS""",6.2,ReverseOblique,160.32,160.32,389.54,0.35,RSN8079_CCHURCH_FDCSN09W.AT2,RSN8079_CCHURCH_FDCSS81W.AT2,RSN8079_CCHURCH_FDCSUP.AT2
8080,31.5,38.2,0,"""Christchurch_NewZealand""",2011,"""FGPS""",6.2,ReverseOblique,214.77,214.77,476.62,0.225,RSN8080_CCHURCH_FGPSN02E.AT2,RSN8080_CCHURCH_FGPSN88W.AT2,RSN8080_CCHURCH_FGPSUP.AT2
8081,23.3,30.1,0,"""Christchurch_NewZealand""",2011,"""FJDS""",6.2,ReverseOblique,202.22,202.22,476.62,0.0625,RSN8081_CCHURCH_FJDSN83E.AT2,RSN8081_CCHURCH_FJDSS07E.AT2,RSN8081_CCHURCH_FJDSUP.AT2
8082,30.1,51.5,0,"""Christchurch_NewZealand""",2011,"""FOZ""",6.2,ReverseOblique,230.9,230.9,579.4,0.0625,RSN8082_CCHURCH_FOZE.AT2,RSN8082_CCHURCH_FOZN.AT2,RSN8082_CCHURCH_FOZUP.AT2
8083,20.3,30.6,0,"""Christchurch_NewZealand""",2011,"""GLWS""",6.2,ReverseOblique,105.25,105.25,511.16,0.05,RSN8083_CCHURCH_GLWSN11E.AT2,RSN8083_CCHURCH_GLWSS79E.AT2,RSN8083_CCHURCH_GLWSUP.AT2
8084,16.6,24.8,0,"""Christchurch_NewZealand""",2011,"""GMTS""",6.2,ReverseOblique,171.54,171.54,485.04,0.1125,RSN8084_CCHURCH_GMTSN18E.AT2,RSN8084_CCHURCH_GMTSN72W.AT2,RSN8084_CCHURCH_GMTSUP.AT2
8085,19.7,32.8,0,"""Christchurch_NewZealand""",2011,"""GORS""",6.2,ReverseOblique,408.04,408.16,336.98,0.075,RSN8085_CCHURCH_GORSN02W.AT2,RSN8085_CCHURCH_GORSS88W.AT2,RSN8085_CCHURCH_GORSUP.AT2
8086,31.2,51.5,0,"""Christchurch_NewZealand""",2011,"""HAFS""",6.2,ReverseOblique,177.54,177.54,476.62,0.0375,RSN8086_CCHURCH_HAFSN77W.AT2,RSN8086_CCHURCH_HAFSS13W.AT2,RSN8086_CCHURCH_HAFSUP.AT2
8087,28.9,39.4,0,"""Christchurch_NewZealand""",2011,"""HDWS""",6.2,ReverseOblique,294.54,294.54,299.42,0.25,RSN8087_CCHURCH_HDWSN17W.AT2,RSN8087_CCHURCH_HDWSS73W.AT2,RSN8087_CCHURCH_HDWSUP.AT2
8088,19.9,32.8,0,"""Christchurch_NewZealand""",2011,"""HMCS""",6.2,ReverseOblique,167.58,167.58,289.69,0.0625,RSN8088_CCHURCH_HMCSN37E.AT2,RSN8088_CCHURCH_HMCSN53W.AT2,RSN8088_CCHURCH_HMCSUP.AT2
8089,6,10.6,0,"""Christchurch_NewZealand""",2011,"""HORC""",6.2,ReverseOblique,57.91,57.91,326.01,0.25,RSN8089_CCHURCH_HORCN18E.AT2,RSN8089_CCHURCH_HORCS72E.AT2,RSN8089_CCHURCH_HORCUP.AT2
8090,4.3,10.5,0.9,"""Christchurch_NewZealand""",2011,"""HulverstoneDrivePumpingStation""",6.2,ReverseOblique,4.32,4.35,206,0,RSN8090_CCHURCH_HPSCN04W.AT2,RSN8090_CCHURCH_HPSCS86W.AT2,RSN8090_CCHURCH_HPSCUP.AT2
8091,14.9,30.6,0,"""Christchurch_NewZealand""",2011,"""HSES""",6.2,ReverseOblique,111.5,111.5,644.76,0.0375,RSN8091_CCHURCH_HSESN10E.AT2,RSN8091_CCHURCH_HSESN80W.AT2,RSN8091_CCHURCH_HSESUP.AT2
8092,21,33.1,0,"""Christchurch_NewZealand""",2011,"""IFPS""",6.2,ReverseOblique,134.48,134.48,485.04,0.0625,RSN8092_CCHURCH_IFPSN22W.AT2,RSN8092_CCHURCH_IFPSN68E.AT2,RSN8092_CCHURCH_IFPSUP.AT2
8093,17.8,26.8,0,"""Christchurch_NewZealand""",2011,"""INGS""",6.2,ReverseOblique,196.63,196.63,561.04,0.225,RSN8093_CCHURCH_INGSN78W.AT2,RSN8093_CCHURCH_INGSS12W.AT2,RSN8093_CCHURCH_INGSUP.AT2
8094,30.6,43.5,0,"""Christchurch_NewZealand""",2011,"""KARS""",6.2,ReverseOblique,258.39,258.39,417.77,0.0375,RSN8094_CCHURCH_KARSN17E.AT2,RSN8094_CCHURCH_KARSN73W.AT2,RSN8094_CCHURCH_KARSUP.AT2
8095,32.3,54.6,0,"""Christchurch_NewZealand""",2011,"""KHZ""",6.2,ReverseOblique,143.72,143.72,369.09,0.0375,RSN8095_CCHURCH_KHZE.AT2,RSN8095_CCHURCH_KHZN.AT2,RSN8095_CCHURCH_KHZUP.AT2
8096,32,50.3,0,"""Christchurch_NewZealand""",2011,"""KIKS""",6.2,ReverseOblique,143.72,143.72,369.09,0.025,RSN8096_CCHURCH_KIKSN65E.AT2,RSN8096_CCHURCH_KIKSS25E.AT2,RSN8096_CCHURCH_KIKSUP.AT2
8097,29.9,40.7,0,"""Christchurch_NewZealand""",2011,"""KOKS""",6.2,ReverseOblique,145.25,145.25,511.16,0.0375,RSN8097_CCHURCH_KOKSN26E.AT2,RSN8097_CCHURCH_KOKSS64E.AT2,RSN8097_CCHURCH_KOKSUP.AT2
8098,5.4,9.3,0.1,"""Christchurch_NewZealand""",2011,"""KOWC""",6.2,ReverseOblique,71.47,71.47,485.04,0.125,RSN8098_CCHURCH_KOWCN70E.AT2,RSN8098_CCHURCH_KOWCS20E.AT2,RSN8098_CCHURCH_KOWCUP.AT2
8099,4.6,11.5,0.7,"""Christchurch_NewZealand""",2011,"""KaiapoiNorthSchool""",6.2,ReverseOblique,17.86,17.87,255,0.1,RSN8099_CCHURCH_KPOCN15E.AT2,RSN8099_CCHURCH_KPOCS75E.AT2,RSN8099_CCHURCH_KPOCUP.AT2
8100,15.7,38.8,0,"""Christchurch_NewZealand""",2011,"""LBZ""",6.2,ReverseOblique,219.99,219.99,638.39,0.0375,RSN8100_CCHURCH_LBZE.AT2,RSN8100_CCHURCH_LBZN.AT2,RSN8100_CCHURCH_LBZUP.AT2
8101,28.1,35.6,0,"""Christchurch_NewZealand""",2011,"""LHES""",6.2,ReverseOblique,312.22,312.23,389.54,0.1,RSN8101_CCHURCH_LHESN72W.AT2,RSN8101_CCHURCH_LHESS18W.AT2,RSN8101_CCHURCH_LHESUP.AT2
8102,6.9,13.3,0.2,"""Christchurch_NewZealand""",2011,"""LINC""",6.2,ReverseOblique,18.47,18.48,263.2,0.0875,RSN8102_CCHURCH_LINCN23E.AT2,RSN8102_CCHURCH_LINCN67W.AT2,RSN8102_CCHURCH_LINCUP.AT2
8103,17.8,24,0,"""Christchurch_NewZealand""",2011,"""LPLS""",6.2,ReverseOblique,262.75,262.75,485.04,0.25,RSN8103_CCHURCH_LPLSS21E.AT2,RSN8103_CCHURCH_LPLSS69W.AT2,RSN8103_CCHURCH_LPLSUP.AT2
8104,5.4,15.3,0,"""Christchurch_NewZealand""",2011,"""LSRC""",6.2,ReverseOblique,74.72,74.72,561.04,0.225,RSN8104_CCHURCH_LSRCN15W.AT2,RSN8104_CCHURCH_LSRCS75W.AT2,RSN8104_CCHURCH_LSRCUP.AT2
8105,4.3,11.1,0,"""Christchurch_NewZealand""",2011,"""LTZ""",6.2,ReverseOblique,91.32,91.32,638.39,0.15,RSN8105_CCHURCH_LTZE.AT2,RSN8105_CCHURCH_LTZN.AT2,RSN8105_CCHURCH_LTZUP.AT2
8106,7,12.6,0,"""Christchurch_NewZealand""",2011,"""MAYC""",6.2,ReverseOblique,105.33,105.33,342.7,0.2875,RSN8106_CCHURCH_MAYCN14E.AT2,RSN8106_CCHURCH_MAYCN76W.AT2,RSN8106_CCHURCH_MAYCUP.AT2
8107,43.2,62.7,0,"""Christchurch_NewZealand""",2011,"""MCAS""",6.2,ReverseOblique,194.91,194.91,356.39,0.0375,RSN8107_CCHURCH_MCASN01W.AT2,RSN8107_CCHURCH_MCASS89W.AT2,RSN8107_CCHURCH_MCASUP.AT2
8108,27,33,0,"""Christchurch_NewZealand""",2011,"""MISS""",6.2,ReverseOblique,298.71,298.71,356.39,0.375,RSN8108_CCHURCH_MISSN24E.AT2,RSN8108_CCHURCH_MISSN66W.AT2,RSN8108_CCHURCH_MISSUP.AT2
8109,13.2,19.3,0,"""Christchurch_NewZealand""",2011,"""MOLS""",6.2,ReverseOblique,164.99,164.99,561.04,0.25,RSN8109_CCHURCH_MOLSS16E.AT2,RSN8109_CCHURCH_MOLSS74W.AT2,RSN8109_CCHURCH_MOLSUP.AT2
8110,3.9,10,0.2,"""Christchurch_NewZealand""",2011,"""MQZ""",6.2,ReverseOblique,13.91,16.13,649.67,0.025,RSN8110_CCHURCH_MQZE.AT2,RSN8110_CCHURCH_MQZN.AT2,RSN8110_CCHURCH_MQZUP.AT2
8111,52.8,75.6,0,"""Christchurch_NewZealand""",2011,"""MSZ""",6.2,ReverseOblique,399.57,399.57,649.67,0.0375,RSN8111_CCHURCH_MSZE.AT2,RSN8111_CCHURCH_MSZN.AT2,RSN8111_CCHURCH_MSZUP.AT2
8112,61.7,95.1,0,"""Christchurch_NewZealand""",2011,"""NNZ""",6.2,ReverseOblique,261.79,261.79,649.67,0.0375,RSN8112_CCHURCH_NNZE.AT2,RSN8112_CCHURCH_NNZN.AT2,RSN8112_CCHURCH_NNZUP.AT2
8113,25.8,35.3,0,"""Christchurch_NewZealand""",2011,"""OAMS""",6.2,ReverseOblique,217.72,217.93,437.72,0.0375,RSN8113_CCHURCH_OAMSS18W.AT2,RSN8113_CCHURCH_OAMSS72E.AT2,RSN8113_CCHURCH_OAMSUP.AT2
8114,26.3,36.7,0,"""Christchurch_NewZealand""",2011,"""ODZ""",6.2,ReverseOblique,230.58,230.78,638.39,0.0375,RSN8114_CCHURCH_ODZE.AT2,RSN8114_CCHURCH_ODZN.AT2,RSN8114_CCHURCH_ODZUP.AT2
8115,5.9,10.9,0,"""Christchurch_NewZealand""",2011,"""OXZ""",6.2,ReverseOblique,57.72,57.73,481.62,0.1,RSN8115_CCHURCH_OXZE.AT2,RSN8115_CCHURCH_OXZN.AT2,RSN8115_CCHURCH_OXZUP.AT2
8116,5.7,11.1,0,"""Christchurch_NewZealand""",2011,"""PEEC""",6.2,ReverseOblique,122.85,122.85,551.3,0.15,RSN8116_CCHURCH_PEECN11W.AT2,RSN8116_CCHURCH_PEECS79W.AT2,RSN8116_CCHURCH_PEECUP.AT2
8117,52.3,65.6,0,"""Christchurch_NewZealand""",2011,"""PGMS""",6.2,ReverseOblique,309.91,309.91,306.37,0.125,RSN8117_CCHURCH_PGMSS25W.AT2,RSN8117_CCHURCH_PGMSS65E.AT2,RSN8117_CCHURCH_PGMSUP.AT2
8118,5.9,13.9,1,"""Christchurch_NewZealand""",2011,"""PapanuiHighSchool""",6.2,ReverseOblique,9.05,9.06,263.2,0.05,RSN8118_CCHURCH_PPHSS33W.AT2,RSN8118_CCHURCH_PPHSS57E.AT2,RSN8118_CCHURCH_PPHSUP.AT2
8119,2.8,4.3,2.3,"""Christchurch_NewZealand""",2011,"""PagesRoadPumpingStation""",6.2,ReverseOblique,1.92,1.98,206,0.1,RSN8119_CCHURCH_PRPCS.AT2,RSN8119_CCHURCH_PRPCW.AT2,RSN8119_CCHURCH_PRPCUP.AT2
8120,45.5,74.3,0,"""Christchurch_NewZealand""",2011,"""QRZ""",6.2,ReverseOblique,300.78,300.78,638.39,0.05,RSN8120_CCHURCH_QRZE.AT2,RSN8120_CCHURCH_QRZN.AT2,RSN8120_CCHURCH_QRZUP.AT2
8121,25.1,32.6,0,"""Christchurch_NewZealand""",2011,"""QTPS""",6.2,ReverseOblique,359.56,359.56,494.96,0.2375,RSN8121_CCHURCH_QTPSN33W.AT2,RSN8121_CCHURCH_QTPSN57E.AT2,RSN8121_CCHURCH_QTPSUP.AT2
8122,11.5,18.7,0,"""Christchurch_NewZealand""",2011,"""RDCS""",6.2,ReverseOblique,172.19,172.19,628.04,0.275,RSN8122_CCHURCH_RDCSW.AT2,RSN8122_CCHURCH_RDCSS.AT2,RSN8122_CCHURCH_RDCSUP.AT2
8123,4.4,11.2,3.6,"""Christchurch_NewZealand""",2011,"""ChristchurchResthaven""",6.2,ReverseOblique,5.11,5.13,141,0.1,RSN8123_CCHURCH_REHSN02E.AT2,RSN8123_CCHURCH_REHSS88E.AT2,RSN8123_CCHURCH_REHSUP.AT2
8124,5.3,9.5,1.1,"""Christchurch_NewZealand""",2011,"""RiccartonHighSchool""",6.2,ReverseOblique,9.43,9.44,293,0.075,RSN8124_CCHURCH_RHSCN86W.AT2,RSN8124_CCHURCH_RHSCS04W.AT2,RSN8124_CCHURCH_RHSCUP.AT2
8125,7.9,13.6,0,"""Christchurch_NewZealand""",2011,"""RKAC""",6.2,ReverseOblique,57,57.01,295.74,0.1,RSN8125_CCHURCH_RKACN14E.AT2,RSN8125_CCHURCH_RKACS76E.AT2,RSN8125_CCHURCH_RKACUP.AT2
8126,3.9,11.8,0.1,"""Christchurch_NewZealand""",2011,"""ROLC""",6.2,ReverseOblique,24.25,24.25,295.74,0.075,RSN8126_CCHURCH_ROLCS29E.AT2,RSN8126_CCHURCH_ROLCS61W.AT2,RSN8126_CCHURCH_ROLCUP.AT2
8127,6.6,13.1,0,"""Christchurch_NewZealand""",2011,"""SBRC""",6.2,ReverseOblique,43.88,44.24,263.2,0.1,RSN8127_CCHURCH_SBRCS31E.AT2,RSN8127_CCHURCH_SBRCS59W.AT2,RSN8127_CCHURCH_SBRCUP.AT2
8128,10.8,18.6,0.1,"""Christchurch_NewZealand""",2011,"""SCAC""",6.2,ReverseOblique,66.53,66.53,561.03,0.05,RSN8128_CCHURCH_SCACN10W.AT2,RSN8128_CCHURCH_SCACS80W.AT2,RSN8128_CCHURCH_SCACUP.AT2
8129,6.2,14.4,0,"""Christchurch_NewZealand""",2011,"""SHFC""",6.2,ReverseOblique,55.74,55.75,358.58,0.0875,RSN8129_CCHURCH_SHFCN15W.AT2,RSN8129_CCHURCH_SHFCS75W.AT2,RSN8129_CCHURCH_SHFCUP.AT2
8130,4.3,7.8,2.1,"""Christchurch_NewZealand""",2011,"""ShirleyLibrary""",6.2,ReverseOblique,5.58,5.6,207,0.075,RSN8130_CCHURCH_SHLCS40W.AT2,RSN8130_CCHURCH_SHLCS50E.AT2,RSN8130_CCHURCH_SHLCUP.AT2
8131,16.6,25.6,0,"""Christchurch_NewZealand""",2011,"""SJFS""",6.2,ReverseOblique,140.32,140.32,455.93,0.1875,RSN8131_CCHURCH_SJFSN18W.AT2,RSN8131_CCHURCH_SJFSS72W.AT2,RSN8131_CCHURCH_SJFSUP.AT2
8132,21.4,44.2,0,"""Christchurch_NewZealand""",2011,"""SKFS""",6.2,ReverseOblique,310.25,310.4,263.18,0.0375,RSN8132_CCHURCH_SKFSS02E.AT2,RSN8132_CCHURCH_SKFSS88W.AT2,RSN8132_CCHURCH_SKFSUP.AT2
8133,7.2,15.4,0.2,"""Christchurch_NewZealand""",2011,"""SLRC""",6.2,ReverseOblique,31.81,31.81,249.28,0.0625,RSN8133_CCHURCH_SLRCS28E.AT2,RSN8133_CCHURCH_SLRCS62W.AT2,RSN8133_CCHURCH_SLRCUP.AT2
8134,7,14.5,0.4,"""Christchurch_NewZealand""",2011,"""StyxMillTransferStation""",6.2,ReverseOblique,11.24,11.25,247.5,0.05,RSN8134_CCHURCH_SMTCN88W.AT2,RSN8134_CCHURCH_SMTCS02W.AT2,RSN8134_CCHURCH_SMTCUP.AT2
8135,19.4,24.1,0,"""Christchurch_NewZealand""",2011,"""SOCS""",6.2,ReverseOblique,313.48,313.48,432.58,0.0875,RSN8135_CCHURCH_SOCSN82E.AT2,RSN8135_CCHURCH_SOCSS08E.AT2,RSN8135_CCHURCH_SOCSUP.AT2
8136,3.4,8.9,0.3,"""Christchurch_NewZealand""",2011,"""SWNC""",6.2,ReverseOblique,25.45,25.45,295.74,0.0375,RSN8136_CCHURCH_SWNCN24E.AT2,RSN8136_CCHURCH_SWNCN66W.AT2,RSN8136_CCHURCH_SWNCUP.AT2
8137,31.5,52.3,0,"""Christchurch_NewZealand""",2011,"""SYZ""",6.2,ReverseOblique,431.62,431.73,649.67,0.05,RSN8137_CCHURCH_SYZE.AT2,RSN8137_CCHURCH_SYZN.AT2,RSN8137_CCHURCH_SYZUP.AT2
8138,44.9,62.9,0,"""Christchurch_NewZealand""",2011,"""TAFS""",6.2,ReverseOblique,444.91,444.91,454.9,0.25,RSN8138_CCHURCH_TAFSN37W.AT2,RSN8138_CCHURCH_TAFSS53W.AT2,RSN8138_CCHURCH_TAFSUP.AT2
8139,43.5,51.2,0,"""Christchurch_NewZealand""",2011,"""TEPS""",6.2,ReverseOblique,299.08,299.08,399.61,0.35,RSN8139_CCHURCH_TEPSN12E.AT2,RSN8139_CCHURCH_TEPSS78E.AT2,RSN8139_CCHURCH_TEPSUP.AT2
8140,23.4,27.4,0,"""Christchurch_NewZealand""",2011,"""TFSS""",6.2,ReverseOblique,300.74,300.74,485.04,0.1625,RSN8140_CCHURCH_TFSSN32E.AT2,RSN8140_CCHURCH_TFSSS58E.AT2,RSN8140_CCHURCH_TFSSUP.AT2
8141,17.9,26.1,0,"""Christchurch_NewZealand""",2011,"""TMBS""",6.2,ReverseOblique,340.11,340.25,358.58,0.2125,RSN8141_CCHURCH_TMBSN09E.AT2,RSN8141_CCHURCH_TMBSN81W.AT2,RSN8141_CCHURCH_TMBSUP.AT2
8142,6.5,16.2,0.2,"""Christchurch_NewZealand""",2011,"""TPLC""",6.2,ReverseOblique,16.6,16.61,249.28,0.0875,RSN8142_CCHURCH_TPLCN27W.AT2,RSN8142_CCHURCH_TPLCS63W.AT2,RSN8142_CCHURCH_TPLCUP.AT2
8143,10.1,26,0,"""Christchurch_NewZealand""",2011,"""TRCS""",6.2,ReverseOblique,147.93,148.24,424.9,0.1,RSN8143_CCHURCH_TRCSN07E.AT2,RSN8143_CCHURCH_TRCSS83E.AT2,RSN8143_CCHURCH_TRCSUP.AT2
8144,16.9,21.9,0,"""Christchurch_NewZealand""",2011,"""TSFS""",6.2,ReverseOblique,297.61,297.61,388.01,0.25,RSN8144_CCHURCH_TSFSS41E.AT2,RSN8144_CCHURCH_TSFSS49W.AT2,RSN8144_CCHURCH_TSFSUP.AT2
8145,25.1,40.2,0,"""Christchurch_NewZealand""",2011,"""TUZ""",6.2,ReverseOblique,358.2,358.34,638.39,0.0375,RSN8145_CCHURCH_TUZE.AT2,RSN8145_CCHURCH_TUZN.AT2,RSN8145_CCHURCH_TUZUP.AT2
8146,15.1,33.4,0,"""Christchurch_NewZealand""",2011,"""TWAS""",6.2,ReverseOblique,220.95,220.95,336.98,0.2125,RSN8146_CCHURCH_TWASN23E.AT2,RSN8146_CCHURCH_TWASN67W.AT2,RSN8146_CCHURCH_TWASUP.AT2
8147,9.8,19.4,0.1,"""Christchurch_NewZealand""",2011,"""WAKC""",6.2,ReverseOblique,62.48,62.48,484.49,0.075,RSN8147_CCHURCH_WAKCN80E.AT2,RSN8147_CCHURCH_WAKCS10E.AT2,RSN8147_CCHURCH_WAKCUP.AT2
8148,33.7,45.3,0,"""Christchurch_NewZealand""",2011,"""WBCS""",6.2,ReverseOblique,218.16,218.16,275.56,0.0375,RSN8148_CCHURCH_WBCSN08W.AT2,RSN8148_CCHURCH_WBCSN82E.AT2,RSN8148_CCHURCH_WBCSUP.AT2
8149,65.4,104.1,0,"""Christchurch_NewZealand""",2011,"""WEL""",6.2,ReverseOblique,299.25,299.25,649.67,0.0375,RSN8149_CCHURCH_WELE.AT2,RSN8149_CCHURCH_WELN.AT2,RSN8149_CCHURCH_WELUP.AT2
8150,44.1,64.7,0,"""Christchurch_NewZealand""",2011,"""WEMS""",6.2,ReverseOblique,300.67,300.67,432.58,0.3375,RSN8150_CCHURCH_WEMSN18W.AT2,RSN8150_CCHURCH_WEMSN72E.AT2,RSN8150_CCHURCH_WEMSUP.AT2
8151,9.4,24,0,"""Christchurch_NewZealand""",2011,"""WIGC""",6.2,ReverseOblique,91.59,91.59,490.25,0.0625,RSN8151_CCHURCH_WIGCN15W.AT2,RSN8151_CCHURCH_WIGCN75E.AT2,RSN8151_CCHURCH_WIGCUP.AT2
8152,35.9,59.2,0,"""Christchurch_NewZealand""",2011,"""WKZ""",6.2,ReverseOblique,324.53,324.53,638.39,0.025,RSN8152_CCHURCH_WKZE.AT2,RSN8152_CCHURCH_WKZN.AT2,RSN8152_CCHURCH_WKZUP.AT2
8153,32.5,46,0,"""Christchurch_NewZealand""",2011,"""WNPS""",6.2,ReverseOblique,309.51,309.51,418.87,0.0375,RSN8153_CCHURCH_WNPSS07W.AT2,RSN8153_CCHURCH_WNPSS83E.AT2,RSN8153_CCHURCH_WNPSUP.AT2
8154,7,12.6,0,"""Christchurch_NewZealand""",2011,"""WSFC""",6.2,ReverseOblique,91.34,91.34,344.02,0.0625,RSN8154_CCHURCH_WSFCN38W.AT2,RSN8154_CCHURCH_WSFCS52W.AT2,RSN8154_CCHURCH_WSFCUP.AT2
8155,19.6,31.9,0,"""Christchurch_NewZealand""",2011,"""WTMC""",6.2,ReverseOblique,91.34,91.34,397.92,0.0375,RSN8155_CCHURCH_WTMCN28W.AT2,RSN8155_CCHURCH_WTMCS62W.AT2,RSN8155_CCHURCH_WTMCUP.AT2
8156,25.2,40.5,0,"""Christchurch_NewZealand""",2011,"""WVAS""",6.2,ReverseOblique,166.11,166.12,469.44,0.05,RSN8156_CCHURCH_WVASN79W.AT2,RSN8156_CCHURCH_WVASS11W.AT2,RSN8156_CCHURCH_WVASUP.AT2
